<article xmlns:xsi="http://www.w3.org/2001/XMLSchema-instance"
         xmlns:xlink="http://www.w3.org/1999/xlink"
         xmlns:mml="http://www.w3.org/1998/Math/MathML"
         dtd-version="1.0"
         article-type="research-article">
   <front>
      <journal-meta>
         <journal-id journal-id-type="jstor">famiplanpers</journal-id>
         <journal-id journal-id-type="jstor">j100158</journal-id>
         <journal-title-group>
            <journal-title>Family Planning Perspectives</journal-title>
         </journal-title-group>
         <publisher>
            <publisher-name>The Center for Family Planning Program Development</publisher-name>
         </publisher>
         <issn pub-type="ppub">00147354</issn>
      </journal-meta>
      <article-meta>
         <article-id pub-id-type="doi">10.2307/2133833</article-id>
         <title-group>
            <article-title>West Virginia's Approach to a Statewide Family Planning Program</article-title>
         </title-group>
         <contrib-group>
            <contrib contrib-type="author">
               <string-name>
                  <given-names>Lynn C.</given-names>
                  <surname>Landman</surname>
               </string-name>
            </contrib>
         </contrib-group>
         <pub-date>
            <day>1</day>
            <month>10</month>
            <year>1970</year>
         </pub-date>
         <volume>2</volume>
         <issue>4</issue>
         <issue-id>i310788</issue-id>
         <fpage>21</fpage>
         <lpage>24</lpage>
         <page-range>21-24</page-range>
         <permissions>
            <copyright-statement>Copyright 1970 Planned Parenthood-World Population</copyright-statement>
         </permissions>
         <self-uri xlink:href="http://www.jstor.org/stable/2133833"/>
         <custom-meta-group>
            <custom-meta>
               <meta-name>lang</meta-name>
               <meta-value>eng</meta-value>
            </custom-meta>
         </custom-meta-group>
      </article-meta>
   </front>
</article>
