<article xmlns:xsi="http://www.w3.org/2001/XMLSchema-instance"
         xmlns:xlink="http://www.w3.org/1999/xlink"
         xmlns:mml="http://www.w3.org/1998/Math/MathML"
         dtd-version="1.0"
         article-type="research-article">
   <front>
      <journal-meta>
         <journal-id journal-id-type="jstor">famiplanpers</journal-id>
         <journal-id journal-id-type="jstor">j100158</journal-id>
         <journal-title-group>
            <journal-title>Family Planning Perspectives</journal-title>
         </journal-title-group>
         <publisher>
            <publisher-name>Planned Parenthood Federation of America, Inc.</publisher-name>
         </publisher>
         <issn pub-type="ppub">00147354</issn>
      </journal-meta>
      <article-meta>
         <article-id pub-id-type="doi">10.2307/2133631</article-id>
         <title-group>
            <article-title>Family Planning Program Effects on the Fertility of Low-Income U.S. Women</article-title>
         </title-group>
         <contrib-group>
            <contrib contrib-type="author">
               <string-name>
                  <given-names>Phillips</given-names>
                  <surname>Cutright</surname>
               </string-name>
            </contrib>
            <contrib contrib-type="author">
               <string-name>
                  <given-names>Frederick S.</given-names>
                  <surname>Jaffe</surname>
               </string-name>
            </contrib>
         </contrib-group>
         <pub-date>
            <day>1</day>
            <month>5</month>
            <year>1976</year>
         
            <day>1</day>
            <month>6</month>
            <year>1976</year>
         </pub-date>
         <volume>8</volume>
         <issue>3</issue>
         <issue-id>i310813</issue-id>
         <fpage>100</fpage>
         <lpage>110</lpage>
         <page-range>100-101+105-110</page-range>
         <permissions>
            <copyright-statement>Copyright 1976 Planned Parenthood Federation of America, Inc.</copyright-statement>
         </permissions>
         <self-uri xlink:href="http://www.jstor.org/stable/2133631"/>
         <custom-meta-group>
            <custom-meta>
               <meta-name>lang</meta-name>
               <meta-value>eng</meta-value>
            </custom-meta>
         </custom-meta-group>
      </article-meta>
   </front>
</article>
