<article xmlns:xsi="http://www.w3.org/2001/XMLSchema-instance"
         xmlns:xlink="http://www.w3.org/1999/xlink"
         xmlns:mml="http://www.w3.org/1998/Math/MathML"
         dtd-version="1.0"
         article-type="research-article">
   <front>
      <journal-meta>
         <journal-id journal-id-type="jstor">famiplanpers</journal-id>
         <journal-id journal-id-type="jstor">j100158</journal-id>
         <journal-title-group>
            <journal-title>Family Planning Perspectives</journal-title>
         </journal-title-group>
         <publisher>
            <publisher-name>The Center for Family Planning Program Development</publisher-name>
         </publisher>
         <issn pub-type="ppub">00147354</issn>
      </journal-meta>
      <article-meta>
         <article-id pub-id-type="doi">10.2307/2133739</article-id>
         <title-group>
            <article-title>Major Federal Resources for Family Planning Programs and Services: A Summary</article-title>
         </title-group>
         <pub-date>
            <day>1</day>
            <month>4</month>
            <year>1969</year>
         </pub-date>
         <volume>1</volume>
         <issue>1</issue>
         <issue-id>i310783</issue-id>
         <fpage>16</fpage>
         <lpage>17</lpage>
         <page-range>16-17</page-range>
         <permissions>
            <copyright-statement>Copyright 1969 Planned Parenthood-World Population</copyright-statement>
         </permissions>
         <self-uri xlink:href="http://www.jstor.org/stable/2133739"/>
         <custom-meta-group>
            <custom-meta>
               <meta-name>lang</meta-name>
               <meta-value>eng</meta-value>
            </custom-meta>
         </custom-meta-group>
      </article-meta>
   </front>
</article>
