<article xmlns:xsi="http://www.w3.org/2001/XMLSchema-instance"
         xmlns:xlink="http://www.w3.org/1999/xlink"
         xmlns:mml="http://www.w3.org/1998/Math/MathML"
         dtd-version="1.0"
         article-type="research-article">
   <front>
      <journal-meta>
         <journal-id journal-id-type="jstor">famiplanpers</journal-id>
         <journal-id journal-id-type="jstor">j100158</journal-id>
         <journal-title-group>
            <journal-title>Family Planning Perspectives</journal-title>
         </journal-title-group>
         <publisher>
            <publisher-name>Planned Parenthood Federation of America, Inc.</publisher-name>
         </publisher>
         <issn pub-type="ppub">00147354</issn>
      </journal-meta>
      <article-meta>
         <article-id pub-id-type="doi">10.2307/2133816</article-id>
         <article-categories>
            <subj-group>
               <subject>A Formula for the 1970s: Estimating Need for Subsidized Family Planning Services in the United States</subject>
            </subj-group>
         </article-categories>
         <title-group>
            <article-title>5. Estimated Need for Family Planning Services, Each State, 1973</article-title>
         </title-group>
         <contrib-group>
            <contrib contrib-type="author">
               <string-name>
                  <given-names>Joy G.</given-names>
                  <surname>Dryfoos</surname>
               </string-name>
            </contrib>
         </contrib-group>
         <pub-date>
            <day>1</day>
            <month>7</month>
            <year>1973</year>
         </pub-date>
         <volume>5</volume>
         <issue>3</issue>
         <issue-id>i310799</issue-id>
         <fpage>169</fpage>
         <lpage>171</lpage>
         <page-range>169-171</page-range>
         <permissions>
            <copyright-statement>Copyright 1973 Planned Parenthood Federation of America, Inc.</copyright-statement>
         </permissions>
         <self-uri xlink:href="http://www.jstor.org/stable/2133816"/>
         <custom-meta-group>
            <custom-meta>
               <meta-name>lang</meta-name>
               <meta-value>eng</meta-value>
            </custom-meta>
         </custom-meta-group>
      </article-meta>
   </front>
</article>
