<article xmlns:xsi="http://www.w3.org/2001/XMLSchema-instance"
         xmlns:xlink="http://www.w3.org/1999/xlink"
         xmlns:mml="http://www.w3.org/1998/Math/MathML"
         dtd-version="1.0"
         article-type="research-article">
   <front>
      <journal-meta>
         <journal-id journal-id-type="jstor">famiplanpers</journal-id>
         <journal-id journal-id-type="jstor">j100158</journal-id>
         <journal-title-group>
            <journal-title>Family Planning Perspectives</journal-title>
         </journal-title-group>
         <publisher>
            <publisher-name>Planned Parenthood Federation of America, Inc.</publisher-name>
         </publisher>
         <issn pub-type="ppub">00147354</issn>
      </journal-meta>
      <article-meta>
         <article-id pub-id-type="doi">10.2307/2133974</article-id>
         <title-group>
            <article-title>Psychiatric Sequelae to Term Birth and Induced Early and Late Abortion: A Longitudinal Study</article-title>
         </title-group>
         <contrib-group>
            <contrib contrib-type="author">
               <string-name>
                  <given-names>Robert</given-names>
                  <surname>Athanasiou</surname>
               </string-name>
            </contrib>
            <contrib contrib-type="author">
               <string-name>
                  <given-names>Wallace</given-names>
                  <surname>Oppel</surname>
               </string-name>
            </contrib>
            <contrib contrib-type="author">
               <string-name>
                  <given-names>Leslie</given-names>
                  <surname>Michelson</surname>
               </string-name>
            </contrib>
            <contrib contrib-type="author">
               <string-name>
                  <given-names>Thomas</given-names>
                  <surname>Unger</surname>
               </string-name>
            </contrib>
            <contrib contrib-type="author">
               <string-name>
                  <given-names>Mary</given-names>
                  <surname>Yager</surname>
               </string-name>
            </contrib>
         </contrib-group>
         <pub-date>
            <day>1</day>
            <month>10</month>
            <year>1973</year>
         </pub-date>
         <volume>5</volume>
         <issue>4</issue>
         <issue-id>i310800</issue-id>
         <fpage>227</fpage>
         <lpage>231</lpage>
         <page-range>227-231</page-range>
         <permissions>
            <copyright-statement>Copyright 1973 Planned Parenthood Federation of America, Inc.</copyright-statement>
         </permissions>
         <self-uri xlink:href="http://www.jstor.org/stable/2133974"/>
         <custom-meta-group>
            <custom-meta>
               <meta-name>lang</meta-name>
               <meta-value>eng</meta-value>
            </custom-meta>
         </custom-meta-group>
      </article-meta>
   </front>
</article>
