<article xmlns:xsi="http://www.w3.org/2001/XMLSchema-instance"
         xmlns:xlink="http://www.w3.org/1999/xlink"
         xmlns:mml="http://www.w3.org/1998/Math/MathML"
         dtd-version="1.0"
         article-type="research-article">
   <front>
      <journal-meta>
         <journal-id journal-id-type="jstor">famiplanpers</journal-id>
         <journal-id journal-id-type="jstor">j100158</journal-id>
         <journal-title-group>
            <journal-title>Family Planning Perspectives</journal-title>
         </journal-title-group>
         <publisher>
            <publisher-name>Planned Parenthood Federation of America, Inc.</publisher-name>
         </publisher>
         <issn pub-type="ppub">00147354</issn>
      </journal-meta>
      <article-meta>
         <article-id pub-id-type="doi">10.2307/2133623</article-id>
         <title-group>
            <article-title>Contraception after Abortion</article-title>
         </title-group>
         <contrib-group>
            <contrib contrib-type="author">
               <string-name>
                  <given-names>Alan</given-names>
                  <surname>Margolis</surname>
               </string-name>
            </contrib>
            <contrib contrib-type="author">
               <string-name>
                  <given-names>Ronald</given-names>
                  <surname>Rindfuss</surname>
               </string-name>
            </contrib>
            <contrib contrib-type="author">
               <string-name>
                  <given-names>Phyllis</given-names>
                  <surname>Coghlan</surname>
               </string-name>
            </contrib>
            <contrib contrib-type="author">
               <string-name>
                  <given-names>Roger</given-names>
                  <surname>Rochat</surname>
               </string-name>
            </contrib>
         </contrib-group>
         <pub-date>
            <day>1</day>
            <month>1</month>
            <year>1974</year>
         </pub-date>
         <volume>6</volume>
         <issue>1</issue>
         <issue-id>i310801</issue-id>
         <fpage>56</fpage>
         <lpage>60</lpage>
         <page-range>56-60</page-range>
         <permissions>
            <copyright-statement>Copyright 1974 Planned Parenthood Federation of America, Inc.</copyright-statement>
         </permissions>
         <self-uri xlink:href="http://www.jstor.org/stable/2133623"/>
         <custom-meta-group>
            <custom-meta>
               <meta-name>lang</meta-name>
               <meta-value>eng</meta-value>
            </custom-meta>
         </custom-meta-group>
      </article-meta>
   </front>
</article>
