<article xmlns:xsi="http://www.w3.org/2001/XMLSchema-instance"
         xmlns:xlink="http://www.w3.org/1999/xlink"
         xmlns:mml="http://www.w3.org/1998/Math/MathML"
         dtd-version="1.0"
         article-type="research-article">
   <front>
      <journal-meta>
         <journal-id journal-id-type="jstor">famiplanpers</journal-id>
         <journal-id journal-id-type="jstor">j100158</journal-id>
         <journal-title-group>
            <journal-title>Family Planning Perspectives</journal-title>
         </journal-title-group>
         <publisher>
            <publisher-name>Planned Parenthood Federation of America, Inc.</publisher-name>
         </publisher>
         <issn pub-type="ppub">00147354</issn>
      </journal-meta>
      <article-meta>
         <article-id pub-id-type="doi">10.2307/2133884</article-id>
         <article-categories>
            <subj-group>
               <subject>Digest</subject>
            </subj-group>
         </article-categories>
         <title-group>
            <article-title>Following Year-Long Moratorium, DHEW Will Again Fund Live Fetal Research Projects; New Regulations Approved</article-title>
         </title-group>
         <pub-date>
            <day>1</day>
            <month>7</month>
            <year>1975</year>
         
            <day>1</day>
            <month>8</month>
            <year>1975</year>
         </pub-date>
         <volume>7</volume>
         <issue>4</issue>
         <issue-id>i310808</issue-id>
         <fpage>145</fpage>
         <lpage>145</lpage>
         <page-range>145</page-range>
         <permissions>
            <copyright-statement>Copyright 1975 Planned Parenthood Federation of America, Inc.</copyright-statement>
         </permissions>
         <self-uri xlink:href="http://www.jstor.org/stable/2133884"/>
         <custom-meta-group>
            <custom-meta>
               <meta-name>lang</meta-name>
               <meta-value>eng</meta-value>
            </custom-meta>
         </custom-meta-group>
      </article-meta>
   </front>
</article>
