<article xmlns:xsi="http://www.w3.org/2001/XMLSchema-instance"
         xmlns:xlink="http://www.w3.org/1999/xlink"
         xmlns:mml="http://www.w3.org/1998/Math/MathML"
         dtd-version="1.0"
         article-type="research-article">
   <front>
      <journal-meta>
         <journal-id journal-id-type="jstor">famiplanpers</journal-id>
         <journal-id journal-id-type="jstor">j100158</journal-id>
         <journal-title-group>
            <journal-title>Family Planning Perspectives</journal-title>
         </journal-title-group>
         <publisher>
            <publisher-name>Planned Parenthood Federation of America, Inc.</publisher-name>
         </publisher>
         <issn pub-type="ppub">00147354</issn>
      </journal-meta>
      <article-meta>
         <article-id pub-id-type="doi">10.2307/2134053</article-id>
         <title-group>
            <article-title>The Unmet Need for Legal Abortion Services in the U.S.</article-title>
         </title-group>
         <contrib-group>
            <contrib contrib-type="author">
               <string-name>The Alan Guttmacher Institute</string-name>
            </contrib>
         </contrib-group>
         <pub-date>
            <day>1</day>
            <month>9</month>
            <year>1975</year>
         
            <day>1</day>
            <month>10</month>
            <year>1975</year>
         </pub-date>
         <volume>7</volume>
         <issue>5</issue>
         <issue-id>i310809</issue-id>
         <fpage>224</fpage>
         <lpage>230</lpage>
         <page-range>224-230</page-range>
         <permissions>
            <copyright-statement>Copyright 1975 Planned Parenthood Federation of America, Inc.</copyright-statement>
         </permissions>
         <self-uri xlink:href="http://www.jstor.org/stable/2134053"/>
         <custom-meta-group>
            <custom-meta>
               <meta-name>lang</meta-name>
               <meta-value>eng</meta-value>
            </custom-meta>
         </custom-meta-group>
      </article-meta>
   </front>
</article>
