<article xmlns:xsi="http://www.w3.org/2001/XMLSchema-instance"
         xmlns:xlink="http://www.w3.org/1999/xlink"
         xmlns:mml="http://www.w3.org/1998/Math/MathML"
         dtd-version="1.0"
         article-type="research-article">
   <front>
      <journal-meta>
         <journal-id journal-id-type="jstor">famiplanpers</journal-id>
         <journal-id journal-id-type="jstor">j100158</journal-id>
         <journal-title-group>
            <journal-title>Family Planning Perspectives</journal-title>
         </journal-title-group>
         <publisher>
            <publisher-name>The Alan Guttmacher Institute</publisher-name>
         </publisher>
         <issn pub-type="ppub">00147354</issn>
      </journal-meta>
      <article-meta>
         <article-id pub-id-type="doi">10.2307/2134220</article-id>
         <article-categories>
            <subj-group>
               <subject>Special Report</subject>
            </subj-group>
         </article-categories>
         <title-group>
            <article-title>Second-Trimester Abortion in the United States</article-title>
         </title-group>
         <contrib-group>
            <contrib contrib-type="author">
               <string-name>
                  <given-names>John</given-names>
                  <surname>Benditt</surname>
               </string-name>
            </contrib>
         </contrib-group>
         <pub-date>
            <day>1</day>
            <month>11</month>
            <year>1979</year>
         
            <day>1</day>
            <month>12</month>
            <year>1979</year>
         </pub-date>
         <volume>11</volume>
         <issue>6</issue>
         <issue-id>i310834</issue-id>
         <fpage>358</fpage>
         <lpage>361</lpage>
         <page-range>358-361</page-range>
         <permissions>
            <copyright-statement>Copyright 1979 The Alan Guttmacher Institute</copyright-statement>
         </permissions>
         <self-uri xlink:href="http://www.jstor.org/stable/2134220"/>
         <custom-meta-group>
            <custom-meta>
               <meta-name>lang</meta-name>
               <meta-value>eng</meta-value>
            </custom-meta>
         </custom-meta-group>
      </article-meta>
   </front>
</article>
