<article xmlns:xsi="http://www.w3.org/2001/XMLSchema-instance"
         xmlns:xlink="http://www.w3.org/1999/xlink"
         xmlns:mml="http://www.w3.org/1998/Math/MathML"
         dtd-version="1.0"
         article-type="research-article">
   <front>
      <journal-meta>
         <journal-id journal-id-type="jstor">famiplanpers</journal-id>
         <journal-id journal-id-type="jstor">j100158</journal-id>
         <journal-title-group>
            <journal-title>Family Planning Perspectives</journal-title>
         </journal-title-group>
         <publisher>
            <publisher-name>The Alan Guttmacher Institute</publisher-name>
         </publisher>
         <issn pub-type="ppub">00147354</issn>
      </journal-meta>
      <article-meta>
         <article-id pub-id-type="doi">10.2307/2134385</article-id>
         <article-categories>
            <subj-group>
               <subject>Digest</subject>
            </subj-group>
         </article-categories>
         <title-group>
            <article-title>Abortions in Clinics As Safe as in Hospitals</article-title>
         </title-group>
         <pub-date>
            <day>1</day>
            <month>9</month>
            <year>1978</year>
         
            <day>1</day>
            <month>10</month>
            <year>1978</year>
         </pub-date>
         <volume>10</volume>
         <issue>5</issue>
         <issue-id>i310827</issue-id>
         <fpage>298</fpage>
         <lpage>298</lpage>
         <page-range>298</page-range>
         <permissions>
            <copyright-statement>Copyright 1978 The Alan Guttmacher Institute</copyright-statement>
         </permissions>
         <self-uri xlink:href="http://www.jstor.org/stable/2134385"/>
         <custom-meta-group>
            <custom-meta>
               <meta-name>lang</meta-name>
               <meta-value>eng</meta-value>
            </custom-meta>
         </custom-meta-group>
      </article-meta>
   </front>
</article>
