<article xmlns:xsi="http://www.w3.org/2001/XMLSchema-instance"
         xmlns:xlink="http://www.w3.org/1999/xlink"
         xmlns:mml="http://www.w3.org/1998/Math/MathML"
         dtd-version="1.0"
         article-type="research-article">
   <front>
      <journal-meta>
         <journal-id journal-id-type="jstor">famiplanpers</journal-id>
         <journal-id journal-id-type="jstor">j100158</journal-id>
         <journal-title-group>
            <journal-title>Family Planning Perspectives</journal-title>
         </journal-title-group>
         <publisher>
            <publisher-name>The Center for Family Planning Program Development</publisher-name>
         </publisher>
         <issn pub-type="ppub">00147354</issn>
      </journal-meta>
      <article-meta>
         <article-id pub-id-type="doi">10.2307/2134069</article-id>
         <article-categories>
            <subj-group>
               <subject>Family Planning in Rural Areas</subject>
            </subj-group>
         </article-categories>
         <title-group>
            <article-title>1. Colorado: Enlisting Private Physicians</article-title>
         </title-group>
         <contrib-group>
            <contrib contrib-type="author">
               <string-name>
                  <given-names>Sheri S.</given-names>
                  <surname>Tepper</surname>
               </string-name>
            </contrib>
         </contrib-group>
         <pub-date>
            <day>1</day>
            <month>6</month>
            <year>1970</year>
         </pub-date>
         <volume>2</volume>
         <issue>3</issue>
         <issue-id>i310787</issue-id>
         <fpage>30</fpage>
         <lpage>32</lpage>
         <page-range>30-32</page-range>
         <permissions>
            <copyright-statement>Copyright 1970 Planned Parenthood-World Population</copyright-statement>
         </permissions>
         <self-uri xlink:href="http://www.jstor.org/stable/2134069"/>
         <custom-meta-group>
            <custom-meta>
               <meta-name>lang</meta-name>
               <meta-value>eng</meta-value>
            </custom-meta>
         </custom-meta-group>
      </article-meta>
   </front>
</article>
